{"536957915651899393": {"warns": 0, "mod": [], "reason": [], "time": [], "warn_id": []}, "277651523788341249": {"warns": 0, "mod": [], "reason": [], "time": [], "warn_id": []}, "681238160126246972": {"warns": 0, "mod": [], "reason": [], "time": [], "warn_id": []}, "805662542701264927": {"warns": 0, "mod": [], "reason": [], "time": [], "warn_id": []}, "730253335587979316": {"warns": 0, "mod": [], "reason": [], "time": [], "warn_id": []}, "512306658852995072": {"warns": 0, "mod": [], "reason": [], "time": [], "warn_id": []}, "155149108183695360": {"warns": 0, "mod": [], "reason": [], "time": [], "warn_id": []}, "159985870458322944": {"warns": 0, "mod": [], "reason": [], "time": [], "warn_id": []}, "527193369261375498": {"warns": 0, "mod": [], "reason": [], "time": [], "warn_id": []}, "732034592470597714": {"warns": 0, "mod": [], "reason": [], "time": [], "warn_id": []}, "808799133862199347": {"warns": 0, "mod": [], "reason": [], "time": [], "warn_id": []}, "971828720396537926": {"warns": 0, "mod": [], "reason": [], "time": [], "warn_id": []}, "883954542738296873": {"warns": 0, "mod": [], "reason": [], "time": [], "warn_id": []}, "880931943674437772": {"warns": 0, "mod": [], "reason": [], "time": [], "warn_id": []}, "458276816071950337": {"warns": 0, "mod": [], "reason": [], "time": [], "warn_id": []}, "860553365925920838": {"warns": 0, "mod": [], "reason": [], "time": [], "warn_id": []}, "715014175675383838": {"warns": 0, "mod": [], "reason": [], "time": [], "warn_id": []}, "378323180118474752": {"warns": 0, "mod": [], "reason": [], "time": [], "warn_id": []}, "673547014965035010": {"warns": 0, "mod": [], "reason": [], "time": [], "warn_id": []}, "855677542517178418": {"warns": 0, "mod": [], "reason": [], "time": [], "warn_id": []}, "890717561157742603": {"warns": 0, "mod": [], "reason": [], "time": [], "warn_id": []}, "886419953413161031": {"warns": 0, "mod": [], "reason": [], "time": [], "warn_id": []}, "697521996657066045": {"warns": 0, "mod": [], "reason": [], "time": [], "warn_id": []}, "823582556792029284": {"warns": 0, "mod": [], "reason": [], "time": [], "warn_id": []}, "601219127507550254": {"warns": 0, "mod": [], "reason": [], "time": [], "warn_id": []}, "888916131920896142": {"warns": 0, "mod": [], "reason": [], "time": [], "warn_id": []}, "788810520328536069": {"warns": 0, "mod": [], "reason": [], "time": [], "warn_id": []}, "498425855706398720": {"warns": 0, "mod": [], "reason": [], "time": [], "warn_id": []}, "910322355639840788": {"warns": 0, "mod": [], "reason": [], "time": [], "warn_id": []}, "883791477887614977": {"warns": 0, "mod": [], "reason": [], "time": [], "warn_id": []}, "853994254845476915": {"warns": 0, "mod": [], "reason": [], "time": [], "warn_id": []}, "581664960258769012": {"warns": 0, "mod": [], "reason": [], "time": [], "warn_id": []}, "716569410629795891": {"warns": 0, "mod": [], "reason": [], "time": [], "warn_id": []}, "894634970826571888": {"warns": 0, "mod": [], "reason": [], "time": [], "warn_id": []}, "724599837525278750": {"warns": 0, "mod": [], "reason": [], "time": [], "warn_id": []}, "465944281278971926": {"warns": 0, "mod": [], "reason": [], "time": [], "warn_id": []}, "785966526783422474": {"warns": 0, "mod": [], "reason": [], "time": [], "warn_id": []}, "610306302278631449": {"warns": 0, "mod": [], "reason": [], "time": [], "warn_id": []}, "969990661623382066": {"warns": 0, "mod": [], "reason": [], "time": [], "warn_id": []}, "719641403684290722": {"warns": 0, "mod": [], "reason": [], "time": [], "warn_id": []}, "601780588671926293": {"warns": 0, "mod": [], "reason": [], "time": [], "warn_id": []}, "543574893879361613": {"warns": 0, "mod": [], "reason": [], "time": [], "warn_id": []}, "871828408009629767": {"warns": 0, "mod": [], "reason": [], "time": [], "warn_id": []}, "501579468062588929": {"warns": 0, "mod": [], "reason": [], "time": [], "warn_id": []}, "802073736990818314": {"warns": 0, "mod": [], "reason": [], "time": [], "warn_id": []}, "913826764738936923": {"warns": 0, "mod": [], "reason": [], "time": [], "warn_id": []}, "748686573788332042": {"warns": 0, "mod": [], "reason": [], "time": [], "warn_id": []}, "557628352828014614": {"warns": 0, "mod": [], "reason": [], "time": [], "warn_id": []}, "825878400731578368": {"warns": 0, "mod": [], "reason": [], "time": [], "warn_id": []}, "925216549063774269": {"warns": 0, "mod": [], "reason": [], "time": [], "warn_id": []}, "300225304054464524": {"warns": 0, "mod": [], "reason": [], "time": [], "warn_id": []}, "302050872383242240": {"warns": 0, "mod": [], "reason": [], "time": [], "warn_id": []}, "980261036311597056": {"warns": 0, "mod": [], "reason": [], "time": [], "warn_id": []}, "720351927581278219": {"warns": 0, "mod": [], "reason": [], "time": [], "warn_id": []}, "609886389194063874": {"warns": 0, "mod": [], "reason": [], "time": [], "warn_id": []}, "891351155307872356": {"warns": 0, "mod": [], "reason": [], "time": [], "warn_id": []}, "728684387490594826": {"warns": 0, "mod": [], "reason": [], "time": [], "warn_id": []}, "926270204193964062": {"warns": 0, "mod": [], "reason": [], "time": [], "warn_id": []}, "980279196402192476": {"warns": 0, "mod": [], "reason": [], "time": [], "warn_id": []}, "701143321556418600": {"warns": 0, "mod": [], "reason": [], "time": [], "warn_id": []}}